"Reference","Qty","Value","DNP","Exclude from BOM","Exclude from Board","Exclude from Simulation","Exclude from Position Files","Footprint","Datasheet","LCSC Part #"
"C1,C2","2","18p","","","","","${EXCLUDE_FROM_POS_FILES}","Capacitor_SMD:C_0805_2012Metric","","C1797"
"U2","1","USB6B1","","","","","${EXCLUDE_FROM_POS_FILES}","Package_SO:SOIC-8_3.9x4.9mm_P1.27mm","http://www.st.com/content/ccc/resource/technical/document/datasheet/3e/ec/b2/54/b2/76/47/90/CD00001361.pdf/files/CD00001361.pdf/jcr:content/translations/en.CD00001361.pdf","C10508"
"C7","1","10u","","","","","${EXCLUDE_FROM_POS_FILES}","Capacitor_SMD:C_1206_3216Metric","","C13585"
"C3","1","1u","","","","","${EXCLUDE_FROM_POS_FILES}","Capacitor_SMD:C_0805_2012Metric","","C28323"
"C4,C5,C6","3","100n","","","","","${EXCLUDE_FROM_POS_FILES}","Capacitor_SMD:C_0805_2012Metric","","C49678"
"Y1","1","Crystal_GND24","","","","","${EXCLUDE_FROM_POS_FILES}","Crystal:Crystal_SMD_Abracon_ABM8G-4Pin_3.2x2.5mm","","C112972"
"SW1","1","SW_Push","","","","","${EXCLUDE_FROM_POS_FILES}","Button_Switch_SMD:SW_Push_SPST_NO_Alps_SKRK","","C115357"
"SW2,SW3,SW4,SW5,SW6,SW7,SW8,SW9","8","SW_SPDT","","","","","${EXCLUDE_FROM_POS_FILES}","PCM_openinput:SW_Micro_Switch","","C397278"
"U1","1","ATmega32U4-A","DNP","","","","${EXCLUDE_FROM_POS_FILES}","Package_QFP:TQFP-44_10x10mm_P0.8mm","http://ww1.microchip.com/downloads/en/DeviceDoc/Atmel-7766-8-bit-AVR-ATmega16U4-32U4_Datasheet.pdf","C2052746"
"R5,R6","2","5k1","","","","","${EXCLUDE_FROM_POS_FILES}","Resistor_SMD:R_0805_2012Metric","","C2073749"
"R1,R2","2","10k","","","","","${EXCLUDE_FROM_POS_FILES}","Resistor_SMD:R_0805_2012Metric","","C2907219"
"R3,R4","2","22","","","","","${EXCLUDE_FROM_POS_FILES}","Resistor_SMD:R_0805_2012Metric","","C2907310"
"J1","1","USB_C_Receptacle_USB2.0_14P","","","","","${EXCLUDE_FROM_POS_FILES}","Connector_USB:USB_C_Receptacle_GCT_USB4110","https://www.usb.org/sites/default/files/documents/usb_type-c.zip","C5143397"
