Designator,Mid X,Mid Y,Rotation,Layer
C1,138.000000,-83.000000,0.000000,top
C2,128.400000,-83.000000,180.000000,top
C3,117.800000,-65.150000,90.000000,top
C4,149.950000,-76.000000,180.000000,top
C5,153.600000,-58.800000,180.000000,top
C6,122.650000,-79.600000,0.000000,top
C7,145.600000,-55.400000,0.000000,top
J1,133.600000,-40.000000,180.000000,top
R1,116.287500,-79.600000,0.000000,top
R2,153.650000,-64.200000,0.000000,top
R3,124.087500,-69.600000,0.000000,top
R4,124.087500,-67.600000,0.000000,top
R5,140.400000,-47.600000,0.000000,top
R6,125.000000,-47.800000,180.000000,top
SW1,119.900000,-85.600000,180.000000,top
SW2,38.100000,-71.120000,90.000000,top
SW3,57.150000,-71.120000,90.000000,top
SW4,76.200000,-71.120000,90.000000,top
SW5,95.250000,-90.170000,90.000000,top
SW6,228.600000,-71.120000,90.000000,top
SW7,209.550000,-71.120000,90.000000,top
SW8,190.500000,-71.120000,90.000000,top
SW9,171.450000,-90.170000,90.000000,top
U1,133.400000,-70.600000,0.000000,top
U2,133.600000,-49.800000,-90.000000,top
Y1,133.200000,-82.200000,180.000000,top
